"model","term","estimate","se","statistic","p_value","n","r2","adj_r2","sig"
"M1_rep","(Intercept)",3.86913810976454,0.186825497778937,20.7099039251202,1.32869282576185e-44,149,0.095231521353854,0.0503139373075914,"***"
"M1_rep","x_rep",0.498617099106182,0.262587793728328,1.89885863324648,0.0596260054432891,149,0.095231521353854,0.0503139373075914,"*"
"M1_rep","inv_app_mc",0.0950168753478591,0.176581695124127,0.538090175661001,0.591363157035812,149,0.095231521353854,0.0503139373075914,""
"M1_rep","inv_dl_mc",-0.212220292501453,0.156735708856849,-1.35400091050904,0.177902262966357,149,0.095231521353854,0.0503139373075914,""
"M1_rep","inv_cat_mc",0.351149348060017,0.20203659809875,1.73804821188083,0.0843854742143113,149,0.095231521353854,0.0503139373075914,"*"
"M1_rep","x_rep:inv_app_mc",0.217204402286096,0.267548035835397,0.811833290451537,0.418255717254914,149,0.095231521353854,0.0503139373075914,""
"M1_rep","x_rep:inv_dl_mc",0.38613965490091,0.232552300459639,1.66044220649594,0.0990477658100969,149,0.095231521353854,0.0503139373075914,"*"
"M1_rep","x_rep:inv_cat_mc",-0.106427391361241,0.274858401401781,-0.387208070841059,0.699185999357472,149,0.095231521353854,0.0503139373075914,""
"M1_pop","(Intercept)",4.6345838773764,0.151613169337311,30.5684783032621,2.17172772906204e-73,189,0.138976263825881,0.10567700331086,"***"
"M1_pop","x_pop",0.361101558360664,0.214780442978587,1.68125902597503,0.0944373078085607,189,0.138976263825881,0.10567700331086,"*"
"M1_pop","inv_app_mc",0.358095169909146,0.160625894353563,2.22937385874361,0.0270189582835274,189,0.138976263825881,0.10567700331086,"**"
"M1_pop","inv_dl_mc",-0.229192539512301,0.123481410251924,-1.85608942305329,0.0650664115590242,189,0.138976263825881,0.10567700331086,"*"
"M1_pop","inv_cat_mc",0.221628866885311,0.144544220214723,1.53329456242579,0.126949334784952,189,0.138976263825881,0.10567700331086,""
"M1_pop","x_pop:inv_app_mc",-0.0578960966546585,0.232771777920791,-0.248724725874456,0.803855715136143,189,0.138976263825881,0.10567700331086,""
"M1_pop","x_pop:inv_dl_mc",0.103271992385554,0.16632704587802,0.620897171836326,0.535448368070432,189,0.138976263825881,0.10567700331086,""
"M1_pop","x_pop:inv_cat_mc",0.0654525934837389,0.200508195501392,0.326433507219331,0.744473530610951,189,0.138976263825881,0.10567700331086,""
"M1_brand","(Intercept)",4.13416518152271,0.173726893442608,23.7969211306277,6.23589651242545e-52,153,0.288508834437215,0.254160985065218,"***"
"M1_brand","x_brand",1.52888945859731,0.235536944404283,6.4910813140765,1.26681894072003e-09,153,0.288508834437215,0.254160985065218,"***"
"M1_brand","inv_app_mc",0.232754238768567,0.155210323164277,1.49960540010097,0.135890797826218,153,0.288508834437215,0.254160985065218,""
"M1_brand","inv_dl_mc",-0.0977841883585385,0.133493650503866,-0.732500669428516,0.465045441368083,153,0.288508834437215,0.254160985065218,""
"M1_brand","inv_cat_mc",-0.0418859670703311,0.156355556442358,-0.267889213683128,0.789165298294468,153,0.288508834437215,0.254160985065218,""
"M1_brand","x_brand:inv_app_mc",0.24103923247217,0.211838097274411,1.13784647602803,0.257061233239,153,0.288508834437215,0.254160985065218,""
"M1_brand","x_brand:inv_dl_mc",-0.033258204741117,0.17832254245229,-0.186505891424328,0.852308743045511,153,0.288508834437215,0.254160985065218,""
"M1_brand","x_brand:inv_cat_mc",0.400126125202105,0.230654326875117,1.73474363400408,0.0849111699425689,153,0.288508834437215,0.254160985065218,"*"
"M2_rep","(Intercept)",3.6915842807841,0.269511592452926,13.6973116710328,6.75475358409515e-30,196,0.187422040786331,0.138844010615948,"***"
"M2_rep","x_rep",1.3350735321581,0.411154385692608,3.24713435783765,0.00138538259769166,196,0.187422040786331,0.138844010615948,"***"
"M2_rep","x_brand",-0.301357554984812,0.313659132275475,-0.960780426823796,0.337923436157867,196,0.187422040786331,0.138844010615948,""
"M2_rep","x_pop",-0.216768338440328,0.313370661939567,-0.691731437457061,0.489977908453799,196,0.187422040786331,0.138844010615948,""
"M2_rep","inv_app_mc",-0.0198992577265113,0.15111022720769,-0.131687034651607,0.895375722794813,196,0.187422040786331,0.138844010615948,""
"M2_rep","inv_dl_mc",0.0495758748899766,0.115279796488898,0.430048251297449,0.667663777339704,196,0.187422040786331,0.138844010615948,""
"M2_rep","inv_cat_mc",0.120160471324661,0.142555331412734,0.842904085970426,0.400376449267832,196,0.187422040786331,0.138844010615948,""
"M2_rep","x_rep:x_brand",0.166029704898684,0.467383681499774,0.355232138969671,0.722822559790138,196,0.187422040786331,0.138844010615948,""
"M2_rep","x_rep:x_pop",-0.370776924094191,0.460662572258746,-0.804877466550358,0.421929186971965,196,0.187422040786331,0.138844010615948,""
"M2_rep","x_rep:inv_app_mc",0.286393797379353,0.22413730985232,1.27776048337536,0.202943614095197,196,0.187422040786331,0.138844010615948,""
"M2_rep","x_rep:inv_dl_mc",-0.149022316442478,0.178007342756254,-0.837169490511044,0.403583323908156,196,0.187422040786331,0.138844010615948,""
"M2_rep","x_rep:inv_cat_mc",0.185336168041456,0.211380606751746,0.876788892271101,0.381744602715175,196,0.187422040786331,0.138844010615948,""
"M2_pop","(Intercept)",4.14836867788778,0.305272599536265,13.5890632968354,8.68484345804445e-27,143,0.141654527015891,0.0695797163073013,"***"
"M2_pop","x_pop",0.533966729755779,0.468003779915842,1.14094533563767,0.255974156552424,143,0.141654527015891,0.0695797163073013,""
"M2_pop","x_brand",-0.185983997839826,0.375901936815317,-0.494767330584947,0.621593143566792,143,0.141654527015891,0.0695797163073013,""
"M2_pop","x_rep",0.25362444486292,0.377421649736497,0.671992306323688,0.50277202070688,143,0.141654527015891,0.0695797163073013,""
"M2_pop","inv_app_mc",-0.184006594106434,0.202033219239056,-0.910773954894553,0.364087319482127,143,0.141654527015891,0.0695797163073013,""
"M2_pop","inv_dl_mc",-0.252699258267681,0.15049733402451,-1.67909458267564,0.0955172867638548,143,0.141654527015891,0.0695797163073013,"*"
"M2_pop","inv_cat_mc",0.518472964044788,0.191190856680522,2.71180836284002,0.0075898892650854,143,0.141654527015891,0.0695797163073013,"***"
"M2_pop","x_pop:x_brand",0.391589871675664,0.546477475585016,0.716570927752252,0.474914448831872,143,0.141654527015891,0.0695797163073013,""
"M2_pop","x_pop:x_rep",-0.743727023284607,0.539234699138088,-1.37922693861018,0.170174908614994,143,0.141654527015891,0.0695797163073013,""
"M2_pop","x_pop:inv_app_mc",0.573069427217114,0.268897986156438,2.13117783218992,0.0349422423725684,143,0.141654527015891,0.0695797163073013,"**"
"M2_pop","x_pop:inv_dl_mc",0.0856797345943113,0.224369772494611,0.381868438166594,0.703177687446169,143,0.141654527015891,0.0695797163073013,""
"M2_pop","x_pop:inv_cat_mc",-0.429870176457051,0.279142048935353,-1.53996926688965,0.125979917337905,143,0.141654527015891,0.0695797163073013,""
"M2_brand","(Intercept)",4.34160245216266,0.33323184097821,13.0287743194581,6.52359538481135e-26,152,0.153344414588348,0.0868214757345757,"***"
"M2_brand","x_brand",1.03468257222216,0.432263654734764,2.39363768128282,0.018007563978889,152,0.153344414588348,0.0868214757345757,"**"
"M2_brand","x_rep",-0.285979714201705,0.360242863611198,-0.793852545293878,0.428624772885022,152,0.153344414588348,0.0868214757345757,""
"M2_brand","x_pop",0.406844636064691,0.363069656822493,1.12056909306415,0.264389888388495,152,0.153344414588348,0.0868214757345757,""
"M2_brand","inv_app_mc",-0.188447891791228,0.183269274575404,-1.02825687627029,0.305602262228638,152,0.153344414588348,0.0868214757345757,""
"M2_brand","inv_dl_mc",-0.0347768990859717,0.13916866203169,-0.249890302732469,0.803038484000872,152,0.153344414588348,0.0868214757345757,""
"M2_brand","inv_cat_mc",0.287315124908097,0.173766762212123,1.65345271587302,0.100479398471884,152,0.153344414588348,0.0868214757345757,""
"M2_brand","x_brand:x_rep",0.25101267257724,0.507205284780281,0.494893645845938,0.621450980359933,152,0.153344414588348,0.0868214757345757,""
"M2_brand","x_brand:x_pop",-0.67655275922787,0.511096912069673,-1.32372695520344,0.18775117080988,152,0.153344414588348,0.0868214757345757,""
"M2_brand","x_brand:inv_app_mc",0.540929160108288,0.260608023659266,2.07564276998443,0.0397565927805855,152,0.153344414588348,0.0868214757345757,"**"
"M2_brand","x_brand:inv_dl_mc",-0.0715117503189535,0.19377588137641,-0.369043607548051,0.71265275595747,152,0.153344414588348,0.0868214757345757,""
"M2_brand","x_brand:inv_cat_mc",0.00663504587982686,0.253131517614851,0.0262118520141073,0.97912568823095,152,0.153344414588348,0.0868214757345757,""
"M3_rep","(Intercept)",3.90609532895148,0.190949057714827,20.456216834466,2.23565479120561e-67,491,0.0980002401487207,0.0811229057648091,"***"
"M3_rep","x_rep",0.457599119666571,0.268971450134446,1.70129253286116,0.0895343340752225,491,0.0980002401487207,0.0811229057648091,"*"
"M3_rep","inv_app_mc",-0.0287408873535835,0.0991684693084041,-0.289818805856549,0.772079750400271,491,0.0980002401487207,0.0811229057648091,""
"M3_rep","inv_dl_mc",0.0084576549431199,0.08033377186667,0.105281437017013,0.916196380969927,491,0.0980002401487207,0.0811229057648091,""
"M3_rep","inv_cat_mc",0.106364274978871,0.0994357055354396,1.06967888854534,0.285300358404483,491,0.0980002401487207,0.0811229057648091,""
"M3_rep","comp_rep",-0.353853943367524,0.227151793107627,-1.55778626497509,0.119941610171824,491,0.0980002401487207,0.0811229057648091,""
"M3_rep","x_rep:inv_app_mc",0.278237569574881,0.146580877537771,1.89818463532656,0.0582701069507525,491,0.0980002401487207,0.0811229057648091,"*"
"M3_rep","x_rep:inv_dl_mc",-0.00434362941246615,0.116336359565955,-0.0373368173860006,0.970231940271296,491,0.0980002401487207,0.0811229057648091,""
"M3_rep","x_rep:inv_cat_mc",0.200011397233514,0.142550866521994,1.4030879089932,0.161235797227162,491,0.0980002401487207,0.0811229057648091,""
"M3_rep","x_rep:comp_rep",0.51001299148976,0.322484246701246,1.581512885379,0.114418115975915,491,0.0980002401487207,0.0811229057648091,""
"M3_pop","(Intercept)",4.64268600873837,0.154545307127735,30.040938123738,2.02539171502502e-112,491,0.105583919984744,0.088848483976143,"***"
"M3_pop","x_pop",0.367730518894325,0.218383474257872,1.68387521145533,0.0928545745731035,491,0.105583919984744,0.088848483976143,"*"
"M3_pop","inv_app_mc",0.101919018433685,0.0944566691502091,1.0790028840802,0.281127215338672,491,0.105583919984744,0.088848483976143,""
"M3_pop","inv_dl_mc",-0.162959767754623,0.0762656950767658,-2.13673746224425,0.0331232551075426,491,0.105583919984744,0.088848483976143,"**"
"M3_pop","inv_cat_mc",0.290477244358736,0.0924658460682259,3.14145445816186,0.00178473295837718,491,0.105583919984744,0.088848483976143,"***"
"M3_pop","comp_pop",-0.282590560896958,0.197051710973448,-1.43409341386047,0.152195373559004,491,0.105583919984744,0.088848483976143,""
"M3_pop","x_pop:inv_app_mc",0.297183191903738,0.133562795112249,2.22504471888282,0.026541285531013,491,0.105583919984744,0.088848483976143,"**"
"M3_pop","x_pop:inv_dl_mc",0.00806008570182764,0.106565147416997,0.0756352888087132,0.939740707584578,491,0.105583919984744,0.088848483976143,""
"M3_pop","x_pop:inv_cat_mc",-0.111385592840649,0.130354889178613,-0.854479594455621,0.393264683390465,491,0.105583919984744,0.088848483976143,""
"M3_pop","x_pop:comp_pop",-0.398365251032873,0.278461738479631,-1.43059241534547,0.153196361950928,491,0.105583919984744,0.088848483976143,""
"M3_brand","(Intercept)",4.11805080888513,0.178167208081,23.1134048360512,4.74733325880829e-80,491,0.155523571083663,0.139722556821196,"***"
"M3_brand","x_brand",1.50281893729599,0.240947673811179,6.23711743518922,9.77191743163476e-10,491,0.155523571083663,0.139722556821196,"***"
"M3_brand","inv_app_mc",0.0830302852745428,0.0935845675307024,0.887221979706248,0.37540279983416,491,0.155523571083663,0.139722556821196,""
"M3_brand","inv_dl_mc",-0.00456167084907067,0.0777513649567022,-0.0586699777117862,0.953239338342394,491,0.155523571083663,0.139722556821196,""
"M3_brand","inv_cat_mc",0.0670971694689351,0.0893943849214749,0.750574765158617,0.453275620566712,491,0.155523571083663,0.139722556821196,""
"M3_brand","comp_brand",0.473582782187642,0.211797075891181,2.23602134351923,0.0258082271429307,491,0.155523571083663,0.139722556821196,"**"
"M3_brand","x_brand:inv_app_mc",0.214754898664161,0.131851655193113,1.62876149222112,0.10401825388562,491,0.155523571083663,0.139722556821196,""
"M3_brand","x_brand:inv_dl_mc",-0.174236543080209,0.105738338986733,-1.64780858816092,0.100044989450464,491,0.155523571083663,0.139722556821196,""
"M3_brand","x_brand:inv_cat_mc",0.158655325053105,0.128398616407502,1.2356466875747,0.217193059826063,491,0.155523571083663,0.139722556821196,""
"M3_brand","x_brand:comp_brand",-0.745391050858307,0.289854069805729,-2.57160802109108,0.0104220056076349,491,0.155523571083663,0.139722556821196,"**"
