"model","term","estimate","se","p_value","p_holm","p_bh"
"M3_brand","x_brand",1.50281893729599,0.240947673811179,9.77191743163476e-10,7.91525311962416e-08,5.130616709916e-08
"M1_brand","x_brand",1.52888945859732,0.235536944404283,1.26681894072e-09,1.013455152576e-07,5.130616709916e-08
"M2_rep","x_rep",1.33507353215811,0.411154385692609,0.00138538259769164,0.10944522521764,0.0361408424071383
"M3_pop","inv_cat_mc",0.290477244358736,0.0924658460682258,0.0017847329583772,0.139209170753422,0.0361408424071383
"M2_pop","inv_cat_mc",0.518472964044788,0.191190856680522,0.00758988926508538,0.584421473411574,0.122956206094383
"M3_brand","x_brand:comp_brand",-0.745391050858306,0.289854069805729,0.0104220056076349,0.792072426180252,0.140697075703071
"M2_brand","x_brand",1.03468257222216,0.432263654734765,0.0180075639788896,1,0.208373240327151
"M3_brand","comp_brand",0.473582782187641,0.21179707589118,0.0258082271429308,1,0.218853562096571
"M3_pop","x_pop:inv_app_mc",0.297183191903738,0.133562795112249,0.0265412855310129,1,0.218853562096571
"M1_pop","inv_app_mc",0.358095169909146,0.160625894353563,0.0270189582835273,1,0.218853562096571
"M3_pop","inv_dl_mc",-0.162959767754622,0.0762656950767658,0.0331232551075429,1,0.235860136014839
"M2_pop","x_pop:inv_app_mc",0.573069427217112,0.268897986156438,0.0349422423725688,1,0.235860136014839
"M2_brand","x_brand:inv_app_mc",0.540929160108289,0.260608023659266,0.0397565927805854,1,0.247714155017494
"M3_rep","x_rep:inv_app_mc",0.278237569574881,0.146580877537771,0.0582701069507526,1,0.321980429393759
"M1_rep","x_rep",0.498617099106183,0.262587793728328,0.0596260054432887,1,0.321980429393759
"M1_pop","inv_dl_mc",-0.229192539512302,0.123481410251924,0.065066411559024,1,0.324056867874432
"M1_rep","inv_cat_mc",0.351149348060017,0.20203659809875,0.0843854742143112,1,0.324056867874432
"M1_brand","x_brand:inv_cat_mc",0.400126125202105,0.230654326875117,0.0849111699425689,1,0.324056867874432
"M3_rep","x_rep",0.457599119666572,0.268971450134446,0.089534334075222,1,0.324056867874432
"M3_pop","x_pop",0.367730518894325,0.218383474257872,0.0928545745731041,1,0.324056867874432
"M1_pop","x_pop",0.361101558360664,0.214780442978587,0.0944373078085609,1,0.324056867874432
"M2_pop","inv_dl_mc",-0.252699258267682,0.15049733402451,0.0955172867638545,1,0.324056867874432
"M1_rep","x_rep:inv_dl_mc",0.38613965490091,0.232552300459639,0.0990477658100974,1,0.324056867874432
"M3_brand","x_brand:inv_dl_mc",-0.174236543080209,0.105738338986733,0.100044989450464,1,0.324056867874432
"M2_brand","inv_cat_mc",0.287315124908097,0.173766762212123,0.100479398471884,1,0.324056867874432
"M3_brand","x_brand:inv_app_mc",0.214754898664161,0.131851655193113,0.10401825388562,1,0.324056867874432
"M3_rep","x_rep:comp_rep",0.51001299148976,0.322484246701246,0.114418115975915,1,0.34276320391937
"M3_rep","comp_rep",-0.353853943367524,0.227151793107627,0.119941610171824,1,0.34276320391937
"M2_pop","x_pop:inv_cat_mc",-0.429870176457051,0.279142048935353,0.125979917337905,1,0.34276320391937
"M1_pop","inv_cat_mc",0.221628866885312,0.144544220214723,0.126949334784952,1,0.34276320391937
"M1_brand","inv_app_mc",0.232754238768566,0.155210323164277,0.135890797826219,1,0.35506950399754
"M3_pop","comp_pop",-0.282590560896959,0.197051710973448,0.152195373559003,1,0.376027433879551
"M3_pop","x_pop:comp_pop",-0.398365251032872,0.278461738479631,0.153196361950928,1,0.376027433879551
"M3_rep","x_rep:inv_cat_mc",0.200011397233514,0.142550866521994,0.161235797227161,1,0.38412057574706
"M2_pop","x_pop:x_rep",-0.743727023284607,0.539234699138088,0.170174908614994,1,0.393833359937558
"M1_rep","inv_dl_mc",-0.212220292501453,0.156735708856849,0.177902262966357,1,0.400280091674303
"M2_brand","x_brand:x_pop",-0.676552759227867,0.511096912069673,0.187751170809882,1,0.411022833394606
"M2_rep","x_rep:inv_app_mc",0.286393797379354,0.22413730985232,0.202943614095196,1,0.432590335308181
"M3_brand","x_brand:inv_cat_mc",0.158655325053104,0.128398616407502,0.217193059826064,1,0.451093278100287
"M2_pop","x_pop",0.53396672975578,0.468003779915843,0.255974156552424,1,0.507852680301435
"M1_brand","x_brand:inv_app_mc",0.241039232472171,0.211838097274411,0.257061233238998,1,0.507852680301435
"M2_brand","x_pop",0.406844636064689,0.363069656822492,0.264389888388497,1,0.509894784749244
"M3_pop","inv_app_mc",0.101919018433686,0.0944566691502091,0.281127215338671,1,0.525212023426438
"M3_rep","inv_cat_mc",0.10636427497887,0.0994357055354395,0.285300358404485,1,0.525212023426438
"M2_brand","inv_app_mc",-0.188447891791228,0.183269274575404,0.305602262228638,1,0.550084072011548
"M2_rep","x_brand",-0.301357554984814,0.313659132275475,0.337923436157865,1,0.595039094104067
"M2_pop","inv_app_mc",-0.184006594106433,0.202033219239056,0.364087319482129,1,0.627469635703244
"M3_brand","inv_app_mc",0.0830302852745431,0.0935845675307026,0.37540279983416,1,0.628658639164624
"M2_rep","x_rep:inv_cat_mc",0.185336168041456,0.211380606751746,0.381744602715174,1,0.628658639164624
"M3_pop","x_pop:inv_cat_mc",-0.111385592840649,0.130354889178613,0.393264683390465,1,0.628658639164624
"M2_rep","inv_cat_mc",0.120160471324661,0.142555331412734,0.400376449267833,1,0.628658639164624
"M2_rep","x_rep:inv_dl_mc",-0.149022316442478,0.178007342756254,0.403583323908154,1,0.628658639164624
"M1_rep","x_rep:inv_app_mc",0.217204402286096,0.267548035835397,0.418255717254913,1,0.631247392794302
"M2_rep","x_rep:x_pop",-0.370776924094191,0.460662572258747,0.421929186971966,1,0.631247392794302
"M2_brand","x_rep",-0.285979714201706,0.360242863611198,0.42862477288502,1,0.631247392794302
"M3_brand","inv_cat_mc",0.0670971694689352,0.0893943849214749,0.453275620566711,1,0.655630808319707
"M1_brand","inv_dl_mc",-0.0977841883585382,0.133493650503866,0.465045441368084,1,0.660854048259909
"M2_pop","x_pop:x_brand",0.391589871675666,0.546477475585015,0.47491444883187,1,0.663242592334163
"M2_rep","x_pop",-0.216768338440328,0.313370661939567,0.489977908453799,1,0.672681535334877
"M2_pop","x_rep",0.25362444486292,0.377421649736497,0.50277202070688,1,0.678742227954288
"M1_pop","x_pop:inv_dl_mc",0.103271992385554,0.16632704587802,0.535448368070432,1,0.711005210060737
"M1_rep","inv_app_mc",0.0950168753478589,0.176581695124127,0.591363157035812,1,0.77258735032098
"M2_brand","x_brand:x_rep",0.251012672577242,0.50720528478028,0.621450980359931,1,0.786703822326717
"M2_pop","x_brand",-0.185983997839828,0.375901936815318,0.621593143566789,1,0.786703822326717
"M2_rep","inv_dl_mc",0.0495758748899767,0.115279796488898,0.667663777339703,1,0.832011784069476
"M1_rep","x_rep:inv_cat_mc",-0.106427391361241,0.274858401401781,0.699185999357473,1,0.848530831057986
"M2_pop","x_pop:inv_dl_mc",0.0856797345943114,0.224369772494611,0.703177687446168,1,0.848530831057986
"M2_brand","x_brand:inv_dl_mc",-0.0715117503189533,0.19377588137641,0.712652755957471,1,0.848530831057986
"M2_rep","x_rep:x_brand",0.166029704898686,0.467383681499774,0.722822559790136,1,0.848530831057986
"M1_pop","x_pop:inv_cat_mc",0.0654525934837388,0.200508195501392,0.744473530610951,1,0.861462228278386
"M3_rep","inv_app_mc",-0.0287408873535834,0.0991684693084042,0.772079750400272,1,0.879896120621992
"M1_brand","inv_cat_mc",-0.0418859670703309,0.156355556442358,0.789165298294469,1,0.879896120621992
"M2_brand","inv_dl_mc",-0.034776899085972,0.13916866203169,0.803038484000871,1,0.879896120621992
"M1_pop","x_pop:inv_app_mc",-0.0578960966546591,0.232771777920791,0.803855715136141,1,0.879896120621992
"M1_brand","x_brand:inv_dl_mc",-0.0332582047411173,0.17832254245229,0.852308743045509,1,0.92049344248915
"M2_rep","inv_app_mc",-0.0198992577265117,0.15111022720769,0.895375722794811,1,0.954282020347101
"M3_rep","inv_dl_mc",0.00845765494311981,0.0803337718666699,0.916196380969927,1,0.96379099816317
"M3_pop","x_pop:inv_dl_mc",0.00806008570182744,0.106565147416997,0.939740707584579,1,0.975884580953217
"M3_brand","inv_dl_mc",-0.00456167084907072,0.0777513649567022,0.953239338342393,1,0.977371979819416
"M3_rep","x_rep:inv_dl_mc",-0.00434362941246591,0.116336359565955,0.970231940271297,1,0.979125688230951
"M2_brand","x_brand:inv_cat_mc",0.00663504587982634,0.253131517614851,0.979125688230951,1,0.979125688230951
